{
  "acquisition": "ei",
  "week_k_observed": 8,
  "initial_dir": "data\\initial_data",
  "weekly_dir": "data\\weekly",
  "weekly_mode": "matrix",
  "portfolio_weights": {
    "0": 1.1422927172653436,
    "1": 1.1411604732106737,
    "2": 1.1423636242264243,
    "3": 1.1664356495535038,
    "4": 0.0,
    "5": 1.1463947909070842,
    "6": 1.1409617795956064,
    "7": 1.1203909652413637
  },
  "next_week_portal_lines": [
    "0.518818-0.519753",
    "0.687183-0.751946",
    "0.596422-0.053848-0.525813",
    "0.052460-0.125390-0.940805-0.946955",
    "0.999999-0.999999-0.999999-0.999999",
    "0.536626-0.280926-0.766395-0.932559-0.157099",
    "0.064415-0.227071-0.295353-0.162001-0.405692-0.728318",
    "0.170502-0.302672-0.024097-0.538941-0.889059-0.596822-0.043442-0.894860"
  ],
  "diagnostics": [
    {
      "function_index": 1,
      "base_mode": "exploit",
      "effective_mode": "adaptive_explore",
      "strategy": "explore",
      "stagnating": true,
      "instability": 2.963327213554971e-20,
      "emergence_score": 0.2499999999999432,
      "ruggedness_score": 3.629337287308715e-20,
      "dimension_scaling_pressure": 0.0,
      "portfolio_weight": 1.1422927172653436,
      "xi": 0.013283913095654295,
      "beta": 3.0,
      "acquisition": "ucb",
      "y_last": 1.4090565197692878e-58,
      "y_best_so_far": 7.710875114502849e-16,
      "n_observations": 18,
      "prompt_pattern": "simplified",
      "temperature": 0.65,
      "top_p": 0.9,
      "top_k": 40,
      "max_tokens": 300,
      "token_pressure_risk": "low",
      "mode": "adaptive_explore",
      "convergence_rate": 8.725057398729871e-23,
      "improvement_trend": 2.1011644947781105e-28,
      "stability_score": 1.0,
      "func_weight": 1.0,
      "uncertainty_factor": 1.0,
      "kernel": "1.15**2 * RBF(length_scale=[0.0242, 50]) + WhiteKernel(noise_level=8.6e-12)",
      "best_lml": -18.878663389683688,
      "lml_candidates": [
        [
          "1.15**2 * RBF(length_scale=[0.0242, 50]) + WhiteKernel(noise_level=8.6e-12)",
          -18.878663389683688
        ],
        [
          "1.16**2 * Matern(length_scale=[0.0318, 50], nu=1.5) + WhiteKernel(noise_level=4.02e-12)",
          -21.679610382675325
        ],
        [
          "1.19**2 * Matern(length_scale=[0.0309, 50], nu=2.5) + WhiteKernel(noise_level=1.03e-12)",
          -20.538951396535488
        ]
      ],
      "mu_at_choice": -0.00018365353838095143,
      "sigma_at_choice": 0.0009486728975004732,
      "acquisition_used": "ucb",
      "raw_score_at_choice": 0.003067332887264456,
      "adjusted_score_at_choice": 0.003067332887264456,
      "sigma_bonus_at_choice": 7.028070534812994e-24,
      "emergence_bonus_at_choice": 0.0,
      "boundary_penalty_at_choice": 0.0,
      "repeat_penalty_at_choice": 0.0,
      "ruggedness_penalty_at_choice": 0.11062074115765339,
      "fast_gp_mode": false,
      "method_used": "gp",
      "method_reason": "GP (standard)"
    },
    {
      "function_index": 2,
      "base_mode": "explore",
      "effective_mode": "adaptive_explore",
      "strategy": "hedge",
      "stagnating": false,
      "instability": 0.28223697903661155,
      "emergence_score": 0.4012478920539125,
      "ruggedness_score": 0.5080313319148745,
      "dimension_scaling_pressure": 0.0,
      "portfolio_weight": 1.1411604732106737,
      "xi": 0.014221215971129884,
      "beta": 2.2430156040167026,
      "acquisition": "ucb",
      "y_last": 0.38743864878839973,
      "y_best_so_far": 0.7716091814297877,
      "n_observations": 18,
      "prompt_pattern": "simplified",
      "temperature": 0.65,
      "top_p": 0.9,
      "top_k": 40,
      "max_tokens": 300,
      "token_pressure_risk": "low",
      "mode": "adaptive_explore",
      "convergence_rate": 0.20582215450512742,
      "improvement_trend": -0.05029153392246458,
      "stability_score": 0.8038479789975711,
      "func_weight": 0.8,
      "uncertainty_factor": 1.070559244759153,
      "kernel": "0.939**2 * RBF(length_scale=[0.056, 1.4]) + WhiteKernel(noise_level=0.0691)",
      "best_lml": -17.904645631602964,
      "lml_candidates": [
        [
          "0.939**2 * RBF(length_scale=[0.056, 1.4]) + WhiteKernel(noise_level=0.0691)",
          -17.904645631602964
        ],
        [
          "0.97**2 * Matern(length_scale=[0.0788, 2.1], nu=1.5) + WhiteKernel(noise_level=0.0634)",
          -18.160776046903706
        ],
        [
          "0.959**2 * Matern(length_scale=[0.0688, 1.76], nu=2.5) + WhiteKernel(noise_level=0.0661)",
          -18.062748901301692
        ]
      ],
      "mu_at_choice": 0.6326306943638837,
      "sigma_at_choice": 0.07619181517236565,
      "acquisition_used": "ucb",
      "raw_score_at_choice": 0.8276543691506699,
      "adjusted_score_at_choice": 0.8208451421954885,
      "sigma_bonus_at_choice": 0.0053760369353910865,
      "emergence_bonus_at_choice": 0.0,
      "boundary_penalty_at_choice": 0.0,
      "repeat_penalty_at_choice": 0.0,
      "ruggedness_penalty_at_choice": 0.19987717169339014,
      "fast_gp_mode": false,
      "method_used": "gp",
      "method_reason": "GP (standard)"
    },
    {
      "function_index": 3,
      "base_mode": "exploit",
      "effective_mode": "adaptive_exploit",
      "strategy": "refine",
      "stagnating": false,
      "instability": 0.04358436458158241,
      "emergence_score": 0.8338800603199278,
      "ruggedness_score": 0.11679899693864566,
      "dimension_scaling_pressure": 0.0,
      "portfolio_weight": 1.1423636242264243,
      "xi": 0.0036857311647024117,
      "beta": 0.5951736640787775,
      "acquisition": "ei",
      "y_last": -0.024263406001071026,
      "y_best_so_far": -0.02033519223408308,
      "n_observations": 23,
      "prompt_pattern": "structured",
      "temperature": 0.3,
      "top_p": 0.9,
      "top_k": 40,
      "max_tokens": 300,
      "token_pressure_risk": "low",
      "mode": "adaptive_exploit",
      "convergence_rate": 0.013126894764397913,
      "improvement_trend": 0.007278106079066114,
      "stability_score": 0.983767232137203,
      "func_weight": 0.6,
      "uncertainty_factor": 1.0108960911453957,
      "kernel": "1.85**2 * RBF(length_scale=[50, 7.97, 0.0913]) + WhiteKernel(noise_level=0.0141)",
      "best_lml": -15.775831794195192,
      "lml_candidates": [
        [
          "1.85**2 * RBF(length_scale=[50, 7.97, 0.0913]) + WhiteKernel(noise_level=0.0141)",
          -15.775831794195192
        ],
        [
          "1.72**2 * Matern(length_scale=[50, 2.52, 0.143], nu=1.5) + WhiteKernel(noise_level=5.89e-12)",
          -17.89328466402238
        ],
        [
          "1.55**2 * Matern(length_scale=[50, 1.48, 0.104], nu=2.5) + WhiteKernel(noise_level=1.89e-07)",
          -16.894229466273586
        ]
      ],
      "mu_at_choice": -0.018822721925892197,
      "sigma_at_choice": 0.013623275631329404,
      "acquisition_used": "ei",
      "raw_score_at_choice": 0.004417278720496903,
      "adjusted_score_at_choice": 0.004134415655595054,
      "sigma_bonus_at_choice": 0.000148440452977812,
      "emergence_bonus_at_choice": 0.0,
      "boundary_penalty_at_choice": 0.0,
      "repeat_penalty_at_choice": 0.0,
      "ruggedness_penalty_at_choice": 0.03077249014577183,
      "fast_gp_mode": false,
      "method_used": "gp",
      "method_reason": "GP (standard)"
    },
    {
      "function_index": 4,
      "base_mode": "explore",
      "effective_mode": "adaptive_explore",
      "strategy": "bo",
      "stagnating": false,
      "instability": 0.11539980425646493,
      "emergence_score": 0.8183222119120142,
      "ruggedness_score": 0.1608513386797023,
      "dimension_scaling_pressure": 0.0,
      "portfolio_weight": 1.1664356495535038,
      "xi": 0.02050073000760584,
      "beta": 1.7774585605472653,
      "acquisition": "ei",
      "y_last": -8.261385895500535,
      "y_best_so_far": 0.6588288043220065,
      "n_observations": 38,
      "prompt_pattern": "simplified",
      "temperature": 0.65,
      "top_p": 0.9,