{
  "acquisition": "ei",
  "week_k_observed": 7,
  "initial_dir": "data\\initial_data",
  "weekly_dir": "data\\weekly",
  "weekly_mode": "matrix",
  "portfolio_weights": {
    "0": 0.0,
    "1": 1.925810296848584,
    "2": 0.0,
    "3": 1.9025919701807652,
    "4": 0.0,
    "5": 1.9264221987640961,
    "6": 0.0,
    "7": 2.2451755342065547
  },
  "next_week_portal_lines": [
    "0.323386-0.690695",
    "0.640231-0.933344",
    "0.310801-0.565150-0.520373",
    "0.686048-0.166623-0.432236-0.391270",
    "0.037720-0.654035-0.809906-0.878281",
    "0.297650-0.544912-0.899946-0.745957-0.904573",
    "0.198508-0.214361-0.050834-0.556742-0.174321-0.364049",
    "0.158750-0.990074-0.388938-0.400340-0.116560-0.613458-0.999732-0.412619"
  ],
  "diagnostics": [
    {
      "function_index": 1,
      "base_mode": "exploit",
      "effective_mode": "adaptive_explore",
      "strategy": "explore",
      "stagnating": true,
      "instability": 0.0,
      "portfolio_weight": 0.0,
      "xi": 0.015628133053710937,
      "beta": 3.0,
      "acquisition": "ucb",
      "y_last": 64.0,
      "y_best_so_far": 64.0,
      "n_observations": 17,
      "prompt_pattern": "simplified",
      "temperature": 0.65,
      "top_p": 0.9,
      "top_k": 40,
      "max_tokens": 300,
      "token_pressure_risk": "low",
      "mode": "adaptive_explore",
      "convergence_rate": 0.0,
      "improvement_trend": 0.0,
      "stability_score": 1.0,
      "func_weight": 1.0,
      "uncertainty_factor": 1.0,
      "kernel": "0.918**2 * RBF(length_scale=[0.151, 0.0313]) + WhiteKernel(noise_level=2.51e-12)",
      "best_lml": -19.900531686747186,
      "lml_candidates": [
        [
          "0.918**2 * RBF(length_scale=[0.151, 0.0313]) + WhiteKernel(noise_level=2.51e-12)",
          -19.900531686747186
        ],
        [
          "0.949**2 * Matern(length_scale=[0.175, 0.0375], nu=1.5) + WhiteKernel(noise_level=4.18e-09)",
          -20.97975234447491
        ],
        [
          "0.944**2 * Matern(length_scale=[0.17, 0.036], nu=2.5) + WhiteKernel(noise_level=1.07e-11)",
          -20.55838578877837
        ]
      ],
      "mu_at_choice": 67.2125214891037,
      "sigma_at_choice": 3.5790002467354043,
      "acquisition_used": "ucb",
      "raw_score_at_choice": 67.2125214891037,
      "adjusted_score_at_choice": 67.1950753387301,
      "sigma_bonus_at_choice": 0.0,
      "boundary_penalty_at_choice": 0.0,
      "repeat_penalty_at_choice": 0.08723075186793071,
      "method_used": "gp",
      "method_reason": "GP (standard)"
    },
    {
      "function_index": 2,
      "base_mode": "explore",
      "effective_mode": "adaptive_explore",
      "strategy": "explore",
      "stagnating": true,
      "instability": 9.115350926550119e-23,
      "portfolio_weight": 1.925810296848584,
      "xi": 0.015628133053710937,
      "beta": 2.4000000000000004,
      "acquisition": "ucb",
      "y_last": -1.3087554580627385e-22,
      "y_best_so_far": 0.6112052157614438,
      "n_observations": 17,
      "prompt_pattern": "simplified",
      "temperature": 0.65,
      "top_p": 0.9,
      "top_k": 40,
      "max_tokens": 300,
      "token_pressure_risk": "low",
      "mode": "adaptive_explore",
      "convergence_rate": 4.362560216832358e-23,
      "improvement_trend": -4.362518193542462e-23,
      "stability_score": 1.0,
      "func_weight": 0.8,
      "uncertainty_factor": 1.0,
      "kernel": "1**2 * RBF(length_scale=[0.209, 0.00554]) + WhiteKernel(noise_level=1e-12)",
      "best_lml": -23.25143831318212,
      "lml_candidates": [
        [
          "1**2 * RBF(length_scale=[0.209, 0.00554]) + WhiteKernel(noise_level=1e-12)",
          -23.25143831318212
        ],
        [
          "1**2 * Matern(length_scale=[0.239, 0.00529], nu=1.5) + WhiteKernel(noise_level=7.22e-11)",
          -23.59282540563065
        ],
        [
          "1**2 * Matern(length_scale=[0.237, 0.00549], nu=2.5) + WhiteKernel(noise_level=2.83e-08)",
          -23.46509237698295
        ]
      ],
      "mu_at_choice": 0.35324435253964387,
      "sigma_at_choice": 0.18447804261640038,
      "acquisition_used": "ucb",
      "raw_score_at_choice": 1.2058916661711698,
      "adjusted_score_at_choice": 1.2058916661711698,
      "sigma_bonus_at_choice": 4.203955241728894e-24,
      "boundary_penalty_at_choice": 0.0,
      "repeat_penalty_at_choice": 0.0,
      "method_used": "gp",
      "method_reason": "GP (standard)"
    },
    {
      "function_index": 3,
      "base_mode": "exploit",
      "effective_mode": "adaptive_explore",
      "strategy": "explore",
      "stagnating": true,
      "instability": 0.0,
      "portfolio_weight": 0.0,
      "xi": 0.015628133053710937,
      "beta": 1.7999999999999998,
      "acquisition": "ucb",
      "y_last": 64.0,
      "y_best_so_far": 64.0,
      "n_observations": 22,
      "prompt_pattern": "simplified",
      "temperature": 0.65,
      "top_p": 0.9,
      "top_k": 40,
      "max_tokens": 300,
      "token_pressure_risk": "low",
      "mode": "adaptive_explore",
      "convergence_rate": 0.0,
      "improvement_trend": 0.0,
      "stability_score": 1.0,
      "func_weight": 0.6,
      "uncertainty_factor": 1.0,
      "kernel": "0.977**2 * RBF(length_scale=[0.576, 50, 0.0466]) + WhiteKernel(noise_level=1.23e-10)",
      "best_lml": -20.633523922968976,
      "lml_candidates": [
        [
          "0.977**2 * RBF(length_scale=[0.576, 50, 0.0466]) + WhiteKernel(noise_level=1.23e-10)",
          -20.633523922968976
        ],
        [
          "0.975**2 * Matern(length_scale=[0.683, 50, 0.0637], nu=1.5) + WhiteKernel(noise_level=5.89e-12)",
          -22.9540510009204
        ],
        [
          "0.99**2 * Matern(length_scale=[0.639, 50, 0.0612], nu=2.5) + WhiteKernel(noise_level=3.9e-11)",
          -21.903023760247386
        ]
      ],
      "mu_at_choice": 66.50508048064818,
      "sigma_at_choice": 0.9937159598967168,
      "acquisition_used": "ucb",
      "raw_score_at_choice": 66.50508048064818,
      "adjusted_score_at_choice": 66.50508048064818,
      "sigma_bonus_at_choice": 0.0,
      "boundary_penalty_at_choice": 0.0,
      "repeat_penalty_at_choice": 0.0,
      "method_used": "gp",
      "method_reason": "GP (standard)"
    },
    {
      "function_index": 4,
      "base_mode": "exploit",
      "effective_mode": "adaptive_exploit",
      "strategy": "refine",
      "stagnating": false,
      "instability": 0.007495330297993847,
      "portfolio_weight": 1.9025919701807652,
      "xi": 0.0041314835117011155,
      "beta": 0.4014990660595988,
      "acquisition": "ei",
      "y_last": 0.7716091814297877,
      "y_best_so_far": 0.7716091814297877,
      "n_observations": 37,
      "prompt_pattern": "structured",
      "temperature": 0.3,
      "top_p": 0.9,
      "top_k": 40,
      "max_tokens": 300,
      "token_pressure_risk": "low",
      "mode": "adaptive_exploit",
      "convergence_rate": 0.2881931760807144,
      "improvement_trend": 0.2881931760807144,
      "stability_score": 0.7997929718715721,
      "func_weight": 0.4,
      "uncertainty_factor": 1.0018738325744985,
      "kernel": "2.04**2 * Matern(length_scale=[1.54, 1.53, 1.43, 1.01], nu=1.5) + WhiteKernel(noise_level=1.29e-11)",
      "best_lml": -20.784250229652873,
      "lml_candidates": [
        [
          "1.01**2 * RBF(length_scale=[0.416, 0.463, 0.434, 0.27]) + WhiteKernel(noise_level=1.63e-10)",
          -23.523876657008426
        ],
        [
          "2.04**2 * Matern(length_scale=[1.54, 1.53, 1.43, 1.01], nu=1.5) + WhiteKernel(noise_level=1.29e-11)",
          -20.784250229652873
        ],
        [
          "1.41**2 * Matern(length_scale=[0.819, 0.817, 0.791, 0.527], nu=2.5) + WhiteKernel(noise_level=1e-12)",
          -21.08770824262303
        ]
      ],
      "mu_at_choice": 1.0576959761286773,
      "sigma_at_choice": 0.47379313608143026,
      "acquisition_used": "ei",
      "raw_score_at_choice": 0.3625096131894213,
      "adjusted_score_at_choice": 0.3633974222013845,